Rent,FloorSpace,YearBuilt,Bath,CentralHeating,HotWater,TiledBath,WindowType,KitchenType,LeaseDuration,AgeCategory,FloorSpaceCategory,NetRentPerSqm,Rooms,AddressType,ResidenceType
693.29,50,1971,0,1,0,0,0,0,2,4,1,13.8658,1,2,2
736.6,70,1971,0,1,0,0,0,0,26,4,2,10.522857,3,2,2
732.23,50,1971,0,1,0,0,0,0,1,4,1,14.6446,1,2,2
1295.14,55,1893,0,1,0,0,0,0,0,1,2,23.548,3,2,2
394.97,46,1957,0,0,1,0,0,0,27,3,1,8.586304,3,2,2
1285.64,94,1971,0,1,0,1,0,0,2,4,3,13.677021,4,2,2
476.31,28,1967,0,1,0,0,1,1,9,4,1,17.011071,1,2,2
709.57,36,1971,0,1,0,0,0,1,3,4,1,19.710278,1,2,2
852.74,33,1971,0,1,0,0,0,0,1,4,1,25.840606,1,2,2
657.44,57,1985,0,1,0,1,0,1,9,6,2,11.534035,2,2,2
1237.84,75,1985,0,1,0,1,0,1,3,6,2,16.504533,3,2,2
1212.03,83,1985,0,1,0,1,0,1,1,6,3,14.602771,3,2,2
527.54,50,1957,0,1,0,1,0,0,4,3,1,10.5508,2,2,2
1183.62,71,1989,0,1,0,1,0,1,3,6,2,16.670704,3,2,2
852.3,93,1971,0,1,0,1,0,0,4,4,3,9.164516,4,2,2
812.8,93,1971,0,1,0,1,0,0,12,4,3,8.739785,4,2,2
593.07,79,1971,0,1,0,0,0,0,20,4,2,7.507215,3,2,2
1623.63,60,1985,0,1,0,1,0,1,1,6,2,27.0605,2,3,3
2680,145,1971,0,1,0,1,0,1,2,4,3,18.482759,4,3,3
837.84,76,1957,0,1,0,0,0,0,20,3,2,11.024211,3,1,1
875.1,104,1957,0,1,0,1,0,0,3,3,3,8.414423,5,2,1
765.39,93,1971,0,1,0,1,0,0,3,4,3,8.23,4,2,1
422.82,50,1957,0,0,0,0,0,0,9,3,1,8.4564,2,2,2
414.2,50,1880,0,0,0,0,0,0,8,1,1,8.284,1,2,2
480.34,40,1959,0,1,0,0,0,0,2,3,1,12.0085,1,2,2
1454.12,74,1957,0,1,0,0,0,0,2,3,2,19.65027,3,2,2
759.2,76,1957,0,1,0,1,0,0,0,3,2,9.989474,3,2,2
700,36,1965,0,1,0,0,0,0,4,3,1,19.444444,2,2,2
670.86,59,1957,0,0,0,0,1,0,5,3,2,11.370508,1,2,2
380,40,1911,1,0,0,0,0,0,32,1,1,9.5,2,2,2
240.4,68,1893,0,0,1,0,0,0,39,1,2,3.535294,2,2,2
1030,56,1971,0,1,0,1,0,0,1,4,2,18.392857,2,2,2
452.7,32,1971,0,1,0,0,0,1,13,4,1,14.146875,1,2,2
900,55,1971,0,1,0,0,0,1,0,4,2,16.363636,2,2,2
925.4,45,1956,0,1,0,0,0,0,1,3,1,20.564444,2,2,2
928.68,54,1980,0,1,0,1,0,0,13,5,2,17.197778,2,2,2
1204.45,79,1980,0,1,0,0,0,0,11,5,2,15.246203,3,2,2
1004.45,50,1980,0,1,0,1,0,0,1,5,1,20.089,2,2,2
1300.23,75,1956,0,1,0,1,0,1,7,3,2,17.3364,3,2,2
820,73,1955,0,0,0,1,0,0,5,3,2,11.232877,3,1,1
554.56,43,1962,0,1,0,1,0,0,5,3,1,12.896744,2,2,2
664.08,50,1962,0,1,0,1,0,0,3,3,1,13.2816,2,2,2
721.21,52,1959,0,1,0,1,0,0,0,3,2,13.869423,2,2,2
239.28,45,1933,0,0,0,1,0,0,4,2,1,5.317333,2,2,2
489.71,39,1957,0,1,0,1,0,0,9,3,1,12.556667,2,2,3
421.6,40,1957,0,1,0,0,0,0,27,3,1,10.54,2,2,3
799.6,52,1957,0,1,0,0,0,0,2,3,2,15.376923,2,2,3
566.19,56,1957,0,1,0,0,0,0,17,3,2,10.110536,2,2,3
1092.39,84,1976,0,1,0,1,0,0,12,4,3,13.004643,4,2,2
449.91,35,1980,0,1,0,1,0,0,3,5,1,12.854571,1,2,2
982.05,65,1963,0,1,0,0,1,0,0,3,2,15.108462,2,2,3
679.55,69,1957,0,1,0,0,0,0,20,3,2,9.848551,3,2,3
720.25,95,1933,0,1,0,0,0,0,40,2,3,7.581579,4,2,3
610.11,59,1941,0,1,0,0,0,0,2,2,2,10.340847,3,2,3
776.56,68,1971,0,1,0,0,0,0,18,4,2,11.42,2,2,3
1720.85,100,1971,0,1,0,0,0,1,0,4,3,17.2085,3,2,3
799.98,68,1971,0,1,0,1,0,0,20,4,2,11.764412,2,2,3
658.4,55,1939,0,0,0,0,0,1,1,2,2,11.970909,2,2,3
1350,135,1933,0,1,0,0,0,0,7,2,3,10,5,2,3
483.82,23,1959,0,1,0,1,0,0,1,3,1,21.035652,1,2,2
765,62,1971,0,1,0,1,0,0,15,4,2,12.33871,2,2,3
337.74,35,1957,0,0,1,0,0,0,6,3,1,9.649714,1,2,3
375.74,35,1957,0,0,1,0,0,0,1,3,1,10.735429,1,2,3
347.94,45,1957,0,0,1,0,0,0,15,3,1,7.732,2,2,3
443.4,35,1957,0,0,1,1,0,0,0,3,1,12.668571,2,2,3
1348.5,106,1893,0,1,0,1,0,0,5,1,3,12.721698,3,2,2
918.27,125,1893,0,0,0,0,0,0,11,1,3,7.34616,4,2,2
569.52,36,1971,0,1,0,0,0,0,3,4,1,15.82,1,2,3
681.48,73,1971,0,1,0,0,0,0,11,4,2,9.335342,3,2,3
767.35,42,1971,0,1,0,0,0,0,6,4,1,18.270238,2,2,3
564.55,41,1957,0,1,0,1,0,0,32,3,1,13.769512,2,2,3
1408.91,74,1971,0,1,0,0,0,0,2,4,2,19.039324,4,2,2
1054.95,86,1957,0,1,0,0,0,0,14,3,3,12.26686,4,2,2
747.96,89,1980,0,1,0,0,0,0,3,5,3,8.404045,4,2,2
1015.63,90,1980,0,1,0,0,0,0,12,5,3,11.284778,4,2,2
584.19,44,1971,0,1,0,0,0,0,1,4,1,13.277045,2,2,2
506.65,37,1971,0,1,0,0,0,0,2,4,1,13.693243,1,2,2
447.63,77,1970,0,1,0,0,0,0,2,4,2,5.813377,3,2,2
385.51,77,1970,0,1,0,1,0,0,3,4,2,5.006623,3,2,2
719.96,83,1971,0,1,0,0,0,0,3,4,3,8.674217,4,2,2
665.06,70,1957,0,1,0,0,1,0,0,3,2,9.500857,3,2,2
705.6,50,1957,0,1,0,0,0,0,25,3,1,14.112,2,2,2
669.48,82,1985,0,1,0,0,0,0,5,6,3,8.16439,4,2,2
1386.36,60,1973,0,1,0,0,0,0,3,4,2,23.106,2,2,2
521.92,34,1972,0,1,0,0,0,0,5,4,1,15.350588,1,2,2
756.67,76,1980,0,1,0,0,0,0,13,5,2,9.956184,3,2,2
1061.85,77,1980,0,1,0,0,0,0,13,5,2,13.79026,3,2,2
724.24,77,1979,0,1,0,0,0,0,1,5,2,9.405714,3,2,2
865.48,83,1979,0,1,0,0,0,0,7,5,3,10.42747,3,2,2
541.34,49,1980,0,1,0,1,0,0,14,5,1,11.047755,2,2,2
744.07,84,1971,0,1,0,1,0,0,9,4,3,8.857976,3,2,2
635.12,95,1981,0,1,0,0,0,0,1,5,3,6.685474,4,2,2
571.28,61,1957,0,1,0,1,0,0,35,3,2,9.365246,3,2,1
406.65,57,1893,1,0,1,0,0,0,41,1,2,7.134211,2,2,2
340.21,68,1893,0,0,1,0,1,0,21,1,2,5.003088,3,2,2
921.67,86,1893,0,1,0,1,0,0,4,1,3,10.717093,3,2,2
1285.09,72,1971,0,1,0,1,0,0,1,4,2,17.848472,3,2,2
703.03,55,1957,0,1,0,1,0,1,3,3,2,12.782364,2,2,2
449.8,43,1958,0,1,0,1,0,0,19,3,1,10.460465,2,2,2
382.04,56,1957,0,1,1,0,0,0,35,3,2,6.822143,2,2,2
891.88,56,1971,0,1,1,1,0,0,4,4,2,15.926429,3,2,2
754.96,64,1957,0,0,0,1,0,0,35,3,2,11.79625,3,2,2
1410.71,106,1933,0,1,0,1,0,0,6,2,3,13.308585,4,2,2
228.74,37,1957,0,0,1,0,0,0,12,3,1,6.182162,1,2,2
563.5,51,1893,0,1,0,0,0,0,23,1,2,11.04902,3,2,2
1234.51,85,1893,0,1,0,1,0,1,5,1,3,14.523647,4,2,2
535,44,1935,0,1,0,1,0,0,7,2,1,12.159091,1,2,2
488.11,43,1935,0,0,0,1,0,0,3,2,1,11.351395,2,2,2
473.24,80,1957,0,0,1,0,0,0,14,3,2,5.9155,3,2,1
1094.82,56,1893,0,1,0,1,0,0,3,1,2,19.550357,2,2,2
644.4,35,1850,0,1,0,0,0,0,5,1,1,18.411429,1,2,2
581.33,25,1957,0,1,0,0,0,0,0,3,1,23.2532,1,2,2
699.6,80,1933,0,1,1,0,0,0,4,2,2,8.745,3,2,2
675,35,1971,0,1,0,0,1,0,3,4,1,19.285714,1,2,2
444.2,28,1957,0,1,0,1,0,1,4,3,1,15.864286,1,2,2
478.39,75,1957,0,1,0,0,0,0,24,3,2,6.378533,3,2,2
758.58,67,1966,0,1,0,0,0,0,2,4,2,11.32209,3,2,2
1039.07,61,1987,0,1,0,1,0,0,1,6,2,17.033934,2,2,2
1306.1,154,1933,0,1,0,1,0,0,6,2,3,8.481169,5,2,2
919.52,63,1957,0,1,0,0,0,0,30,3,2,14.595556,2,2,3
286.05,55,1957,0,0,0,0,0,0,19,3,2,5.200909,3,2,2
1215.81,46,1991,0,1,0,1,0,1,2,6,1,26.430652,2,2,2
796.48,42,1893,0,0,0,1,1,0,3,1,1,18.96381,2,2,1
1398.5,70,1957,0,1,0,1,0,0,1,3,2,19.978571,3,2,2
353.58,48,1933,0,1,0,0,0,0,13,2,1,7.36625,2,2,1
907,80,1957,0,1,0,1,0,0,19,3,2,11.3375,3,2,2
680,62,1932,0,1,0,1,0,0,0,2,2,10.967742,3,2,2
668.29,48,1988,0,1,0,1,0,1,3,6,1,13.922708,2,2,2
778.29,60,1980,0,1,0,1,0,1,6,5,2,12.9715,2,2,2
239.31,40,1957,0,1,0,1,0,0,1,3,1,5.98275,1,2,2
338.9,35,1933,0,0,0,1,0,0,0,2,1,9.682857,2,2,2
1521.74,102,1980,0,1,0,1,0,0,13,5,3,14.91902,4,2,2
461.71,40,1920,0,1,0,1,0,0,3,2,1,11.54275,2,2,2
987,68,1957,0,1,0,1,0,0,3,3,2,14.514706,2,2,3
1217.37,62,1971,0,1,0,1,0,0,3,4,2,19.635,2,2,3
426.84,67,1971,0,1,0,1,0,1,0,4,2,6.370746,2,2,3
629.3,62,1957,0,1,0,1,1,0,8,3,2,10.15,3,2,2
694.4,35,1992,1,1,0,0,0,0,0,6,1,19.84,1,2,2
984.53,57,1992,0,1,0,1,0,0,0,6,2,17.272456,2,2,2
1021.04,56,1992,0,1,0,1,0,0,1,6,2,18.232857,2,2,2
1685.52,103,1985,0,1,0,1,0,1,4,6,3,16.364272,3,2,3
1590.44,116,1933,0,1,0,1,0,0,4,2,3,13.71069,5,2,2
500,32,1971,0,1,0,1,0,0,0,4,1,15.625,1,2,3
775.2,72,1971,0,1,0,1,0,0,27,4,2,10.766667,3,2,3
516.35,47,1957,0,1,0,1,0,0,1,3,1,10.98617,1,2,3
1210.81,71,1971,0,1,0,1,0,1,3,4,2,17.053662,3,2,3
1347.35,48,1985,0,1,0,1,0,0,7,6,1,28.069792,2,2,2
1438.5,70,1987,0,1,0,1,0,0,0,6,2,20.55,2,2,3
454.65,62,1933,0,1,0,1,0,0,2,2,2,7.333065,2,2,2
1012,102,1957,0,1,0,1,0,0,23,3,3,9.921569,5,2,3
1261.48,250,1912,0,1,1,1,0,0,23,1,3,5.04592,5,2,3
534.2,100,1907,0,1,0,1,0,1,6,1,3,5.342,3,2,3
823.32,43,1969,0,1,0,1,0,0,3,4,1,19.146977,2,2,3
693.68,74,1933,0,1,0,0,0,0,22,2,2,9.374054,3,2,2
1302.81,82,1933,0,1,0,0,0,0,2,2,3,15.887927,3,2,2
575.21,58,1933,0,0,0,0,0,0,25,2,2,9.917414,3,2,2
1250,78,1971,0,1,0,1,0,0,2,4,2,16.025641,3,2,2
770,42,1971,0,1,0,1,0,0,1,4,1,18.333333,2,2,2
980,97,1957,0,1,0,1,0,0,6,3,3,10.103093,3,2,2
958,97,1957,0,1,0,0,0,0,3,3,3,9.876289,4,2,2
471.99,45,1933,0,1,0,0,0,0,47,2,1,10.488667,2,2,2
498.29,31,1985,0,1,0,1,0,1,5,6,1,16.073871,1,2,3
1228.49,65,1980,0,1,0,1,0,1,1,5,2,18.899846,2,2,3
1753.19,83,1957,0,1,0,1,0,0,0,3,3,21.122771,3,2,3
1025.54,84,1933,0,1,0,1,0,1,2,2,3,12.20881,4,2,3
950,62,1971,0,1,0,1,0,0,7,4,2,15.322581,2,2,3
1650,100,1971,0,1,0,1,0,1,1,4,3,16.5,3,2,3
682.13,38,1979,0,1,0,1,0,0,1,5,1,17.950789,1,2,1
297.4,54,1957,0,1,0,1,0,0,14,3,2,5.507407,2,2,1
508.15,97,1957,0,1,0,1,0,0,24,3,3,5.23866,4,2,1
1203.85,121,1957,0,1,0,0,0,0,33,3,3,9.949174,4,2,3
989.41,121,1957,0,1,0,0,0,0,8,3,3,8.176942,4,2,3
820.56,121,1957,0,1,0,0,0,0,24,3,3,6.781488,4,2,3
565,50,1933,0,1,0,1,0,0,1,2,1,11.3,2,2,1
691,62,1933,0,1,0,1,0,0,38,2,2,11.145161,3,2,1
651.44,62,1971,0,0,1,0,1,0,6,4,2,10.507097,3,2,3
356.74,84,1893,1,0,0,0,0,0,23,1,3,4.246905,3,2,3
340,22,1980,0,1,0,1,0,0,1,5,1,15.454545,1,2,3
555.08,38,1980,0,1,0,1,0,0,0,5,1,14.607368,1,2,3
643.21,87,1957,0,1,0,1,0,0,22,3,3,7.393218,4,2,3
638.6,90,1957,0,1,0,1,0,0,21,3,3,7.095556,4,2,3
982.46,69,1971,0,1,0,1,0,0,7,4,2,14.238551,3,2,2
904.66,69,1971,0,1,0,1,0,0,6,4,2,13.111014,2,2,2
545.7,70,1957,0,1,0,1,0,0,21,3,2,7.795714,3,2,2
1030,71,1971,0,1,0,1,1,0,20,4,2,14.507042,3,2,2
763.97,79,1971,0,1,0,1,1,0,19,4,2,9.670506,3,2,2
480.54,30,1934,0,1,0,0,0,0,1,2,1,16.018,1,2,3
652.96,69,1957,0,1,0,0,0,0,21,3,2,9.463188,3,2,2
602.26,59,1957,0,1,0,0,0,0,10,3,2,10.207797,3,2,2
388.8,28,1957,0,1,0,0,0,0,1,3,1,13.885714,1,2,2
454,43,1957,0,1,0,0,0,0,8,3,1,10.55814,1,2,2
1263.76,72,1957,0,1,0,1,1,0,9,3,2,17.552222,3,2,3
833.45,41,1985,0,1,0,1,0,0,1,6,1,20.328049,2,2,2
1008.96,69,1971,0,1,0,1,0,0,9,4,2,14.622609,2,2,3
1353.8,70,1985,0,1,0,1,0,1,7,6,2,19.34,3,2,2
487.62,70,1956,0,0,0,0,0,0,4,3,2,6.966,3,2,1
663.58,41,1980,0,1,0,1,0,0,6,5,1,16.184878,2,2,2
1016.37,55,1971,0,1,0,1,0,0,2,4,2,18.479455,2,2,2
448.43,65,1933,0,0,0,1,0,0,19,2,2,6.898923,3,2,1
1232,67,1987,0,1,0,1,0,0,1,6,2,18.38806,2,2,2
1025.88,43,1985,0,1,0,1,0,0,7,6,1,23.857674,2,2,2
1424.87,67,1987,0,1,0,1,0,0,1,6,2,21.266716,2,2,2
598.29,37,1970,0,1,0,1,0,0,1,4,1,16.17,1,2,2
629.75,40,1980,0,0,0,1,0,0,1,5,1,15.74375,2,2,1
887.41,64,1971,0,1,0,1,0,0,6,4,2,13.865781,3,2,2
1065.63,38,1971,0,1,0,0,0,1,2,4,1,28.042895,1,2,3
1130.83,85,1971,0,1,0,1,0,0,19,4,3,13.303882,4,2,3
1176.5,84,1971,0,1,0,0,0,0,1,4,3,14.005952,4,2,3
950,92,1971,0,1,0,1,0,0,23,4,3,10.326087,4,2,3
936.45,91,1971,0,1,0,1,0,0,4,4,3,10.290659,4,2,3
500.17,45,1957,0,1,0,1,0,0,39,3,1,11.114889,2,2,3
246.53,71,1957,0,1,0,0,0,0,18,3,2,3.472254,3,2,2
294.23,81,1957,0,1,0,1,0,0,3,3,3,3.632469,3,2,2
1301.99,80,1962,0,1,0,1,0,0,0,3,2,16.274875,4,2,3
515.18,45,1971,0,0,0,1,0,1,9,4,1,11.448444,2,2,2
540.8,72,1971,0,1,0,1,0,0,4,4,2,7.511111,3,2,2
382.12,64,1957,0,0,1,0,0,0,6,3,2,5.970625,3,2,2
636,61,1957,0,1,0,1,0,0,9,3,2,10.42623,2,2,2
536.48,84,1910,0,0,1,0,1,0,1,1,3,6.386667,2,2,2
1132.06,92,1893,0,0,1,0,0,0,3,1,3,12.305,4,2,2
814.13,54,1985,0,1,0,1,0,1,7,6,2,15.076481,2,2,2
633.92,39,1970,0,1,0,0,0,0,3,4,1,16.254359,1,2,2
494.92,80,1933,0,0,1,1,0,0,3,2,2,6.1865,3,2,2
908.46,86,1893,0,0,0,1,0,0,61,1,3,10.563488,3,2,1
936.9,74,1880,0,1,0,1,0,0,1,1,2,12.660811,3,2,2
346.18,68,1880,0,0,0,1,1,0,20,1,2,5.090882,3,2,2
430.31,47,1893,0,0,0,0,0,0,21,1,1,9.155532,2,2,2
1064.8,60,1893,0,1,0,1,0,0,2,1,2,17.746667,2,2,2
1432.6,99,1893,0,1,0,1,0,0,7,1,3,14.470707,4,2,2
549.63,32,1968,0,1,0,1,0,0,2,4,1,17.175938,1,2,2
940,73,1968,0,1,0,0,0,0,35,4,2,12.876712,3,2,2
989.2,46,1971,0,1,0,1,0,0,4,4,1,21.504348,2,2,2
758.37,29,1987,0,1,0,1,0,0,4,6,1,26.15069,1,2,2
993.46,67,1989,0,1,0,1,0,1,4,6,2,14.827761,2,2,2
1241.88,49,1957,0,1,0,1,0,1,1,3,1,25.34449,2,2,3
865.88,30,1957,0,1,0,1,0,0,1,3,1,28.862667,2,2,3
614.17,37,1971,0,1,0,1,0,0,17,4,1,16.599189,1,2,3
442.25,41,1957,0,1,0,0,0,0,28,3,1,10.786585,2,2,2
930,48,1957,0,1,0,1,0,0,0,3,1,19.375,2,2,1
896,109,1893,0,1,0,0,1,0,49,1,3,8.220183,3,2,3
945.88,46,1953,0,1,0,0,0,1,2,3,1,20.562609,3,2,3
1187.09,89,1971,0,1,0,1,0,0,9,4,3,13.33809,3,2,2
603,35,1933,0,1,0,0,0,0,14,2,1,17.228571,1,2,2
206.76,54,1893,0,0,0,0,0,0,6,1,2,3.828889,3,2,2
1036.58,72,1971,0,1,0,1,0,0,5,4,2,14.396944,3,2,2
1048.29,68,1971,0,1,0,0,0,1,14,4,2,15.416029,3,2,2
251.3,57,1971,0,1,0,0,0,0,1,4,2,4.408772,2,2,2
400.57,57,1971,0,1,0,0,0,0,25,4,2,7.027544,2,2,2
722.6,78,1957,0,1,0,0,0,0,4,3,2,9.264103,3,2,2
258.51,87,1957,0,1,0,0,0,0,22,3,3,2.971379,5,2,2
1436.66,92,1971,0,1,0,1,0,0,0,4,3,15.61587,4,2,2
765.29,53,1971,0,1,0,0,0,0,5,4,2,14.439434,2,2,2
762.84,56,1933,0,1,0,0,0,0,8,2,2,13.622143,2,2,2
675.38,101,1908,0,1,0,0,1,0,20,1,3,6.686931,5,2,2
746.3,68,1957,0,1,0,0,0,0,29,3,2,10.975,2,2,2
1150.98,88,1899,0,0,0,0,1,0,13,1,3,13.079318,3,2,2
846.64,58,1899,0,0,0,0,1,0,17,1,2,14.597241,2,2,2
606.31,54,1966,0,0,0,0,0,0,2,4,2,11.227963,2,2,2
916.32,45,1980,0,1,0,0,0,0,13,5,1,20.362667,2,2,3
680.95,96,1893,0,0,0,0,0,0,7,1,3,7.093229,3,2,1
792,65,1957,0,1,0,1,0,0,6,3,2,12.184615,3,2,2
559.02,40,1957,0,1,0,0,0,0,6,3,1,13.9755,1,2,2
906.58,64,1957,0,1,0,1,0,0,6,3,2,14.165312,3,2,2
927.15,86,1971,0,1,0,1,0,0,4,4,3,10.780814,4,2,2
358.64,35,1957,0,0,0,1,0,0,8,3,1,10.246857,1,2,2
1400,76,1980,0,1,0,1,0,0,2,5,2,18.421053,2,2,2
649.49,27,1966,0,1,0,0,0,1,3,4,1,24.055185,1,2,1
733.55,39,1971,0,1,0,1,0,0,3,4,1,18.808974,2,2,1
733.92,38,1962,0,1,0,1,0,0,8,3,1,19.313684,1,2,2
740.94,72,1980,0,1,0,1,0,0,13,5,2,10.290833,3,2,2
434.04,43,1933,0,0,0,0,0,0,0,2,1,10.093953,2,2,2
427.31,40,1933,0,0,0,0,0,0,20,2,1,10.68275,2,2,2
374.53,56,1933,0,1,0,1,0,0,3,2,2,6.688036,2,2,2
381.75,56,1957,0,1,0,0,1,0,7,3,2,6.816964,2,2,2
778.77,73,1957,0,1,0,1,1,0,6,3,2,10.668082,3,2,2
640,82,1927,0,1,0,1,0,0,11,2,3,7.804878,3,2,2
1000,73,1927,0,1,0,1,0,0,1,2,2,13.69863,2,2,2
570,79,1933,0,1,0,0,0,0,21,2,2,7.21519,4,2,2
459.63,48,1957,0,0,0,0,0,0,4,3,1,9.575625,2,2,2
509.98,47,1933,0,0,0,1,0,0,3,2,1,10.850638,2,2,2
632.88,69,1957,0,1,0,1,0,0,37,3,2,9.172174,3,2,2
2356.82,98,1989,0,1,0,0,0,1,2,6,3,24.049184,2,2,2
1985.57,87,1989,0,1,0,0,0,1,1,6,3,22.822644,3,2,2
443.32,54,1893,0,0,0,0,0,0,34,1,2,8.20963,2,2,2
373.19,57,1893,0,0,0,0,0,0,64,1,2,6.547193,2,2,2
759.89,105,1893,0,0,0,0,0,0,39,1,3,7.237048,4,2,2
367.8,90,1893,0,0,0,0,0,0,82,1,3,4.086667,3,2,2
942.27,143,1893,0,0,0,1,0,0,18,1,3,6.589301,4,2,2
1073.56,110,1933,0,1,0,0,0,0,14,2,3,9.759636,4,2,2
1308.27,110,1933,0,1,0,1,0,0,3,2,3,11.893364,4,2,2
678.65,65,1957,0,1,0,1,0,0,29,3,2,10.440769,3,2,2
717.58,51,1933,0,1,0,1,0,0,60,2,2,14.070196,2,2,2
548.28,92,1933,0,1,0,1,0,0,21,2,3,5.959565,4,2,2
351.76,69,1938,0,0,0,1,0,0,15,2,2,5.097971,2,2,2
2732.53,145,1933,0,1,0,1,0,0,6,2,3,18.845034,5,2,2
1664.31,108,1959,0,1,0,1,0,1,10,3,3,15.410278,4,2,3
132.11,84,1893,0,0,0,0,0,0,24,1,3,1.572738,3,2,2
762.3,90,1893,0,1,0,1,0,0,8,1,3,8.47,3,2,3
1033.98,100,1933,0,1,0,1,0,0,19,2,3,10.3398,4,2,3
357.47,43,1933,1,0,0,0,0,0,25,2,1,8.313256,1,2,3
375.14,37,1957,0,1,0,1,0,0,29,3,1,10.138919,1,2,3
445.87,45,1957,0,1,0,0,0,0,11,3,1,9.908222,1,2,3
520.22,54,1957,0,1,0,0,0,0,35,3,2,9.633704,2,2,3
280.63,52,1957,0,1,0,1,0,0,6,3,2,5.396731,2,2,3
851.32,84,1957,0,1,0,1,0,0,17,3,3,10.134762,3,2,3
1644.22,71,1985,0,1,0,1,0,0,3,6,2,23.158028,3,2,3
1036.23,140,1893,0,1,1,1,0,0,8,1,3,7.401643,4,2,3
242.06,76,1893,0,1,0,1,0,0,67,1,2,3.185,2,2,3
254.4,57,1957,0,0,0,0,0,0,13,3,2,4.463158,2,2,3
683.44,68,1957,0,0,0,0,0,0,13,3,2,10.050588,2,2,3
737.78,92,1893,0,0,0,1,0,0,53,1,3,8.019348,3,2,3
692.76,68,1893,1,0,1,0,0,0,15,1,2,10.187647,3,2,3
1300,69,1893,0,1,0,1,0,1,2,1,2,18.84058,2,2,3
1681.28,117,1893,0,1,0,0,0,0,3,1,3,14.369915,4,2,3
946.8,80,1893,0,0,1,0,0,0,7,1,2,11.835,3,2,3
1116.06,80,1957,0,0,0,1,0,0,4,3,2,13.95075,3,2,3
454.48,53,1957,0,1,0,0,0,0,22,3,2,8.575094,2,2,3
1254.64,72,1893,0,1,0,0,0,1,0,1,2,17.425556,2,2,3
2603.63,90,1991,0,1,0,1,0,1,2,6,3,28.929222,3,2,3
888.66,47,1893,0,1,0,0,0,0,4,1,1,18.90766,2,2,3
997.84,54,1893,0,1,0,0,0,0,4,1,2,18.478519,2,2,3
349.57,30,1893,1,0,1,0,0,0,7,1,1,11.652333,1,2,3
1156.73,130,1893,0,1,0,1,0,0,22,1,3,8.897923,4,2,3
540,70,1893,0,1,0,1,0,0,10,1,2,7.714286,3,2,3
1307.77,64,1989,0,1,0,1,0,0,3,6,2,20.433906,2,2,3
1294.3,95,1893,0,1,0,0,0,0,4,1,3,13.624211,3,2,3
825.88,72,1957,0,1,0,0,0,0,20,3,2,11.470556,4,2,3
608.76,58,1957,0,1,0,1,0,1,4,3,2,10.495862,2,2,3
695.03,29,1957,0,1,0,0,0,0,0,3,1,23.966552,1,2,3
822.74,59,1933,0,1,0,0,0,0,2,2,2,13.944746,2,2,3
1239.17,61,1957,0,1,0,0,0,0,4,3,2,20.314262,3,2,3
1215.08,94,1957,0,1,0,0,0,0,12,3,3,12.926383,3,2,3
1276.97,120,1957,0,0,0,1,0,0,31,3,3,10.641417,5,2,3
421.53,72,1957,0,1,0,1,0,0,33,3,2,5.854583,3,2,2
1007.66,70,1957,0,1,0,1,0,0,4,3,2,14.395143,3,2,3
1057.76,89,1971,0,1,0,1,0,0,26,4,3,11.884944,4,2,2
1830.7,100,1971,0,1,0,1,0,0,11,4,3,18.307,5,2,2
1503.74,85,1957,0,1,0,1,0,0,6,3,3,17.691059,3,2,2
570.9,30,1971,0,1,0,1,0,0,1,4,1,19.03,1,2,2
845.29,64,1933,0,1,0,1,0,0,10,2,2,13.207656,2,2,3
868.28,69,1957,0,1,0,1,0,0,32,3,2,12.583768,3,2,2
285.14,59,1957,0,0,0,0,0,0,24,3,2,4.832881,2,2,2
272.06,46,1957,0,0,1,0,0,0,1,3,1,5.914348,2,2,2
740.57,50,1957,0,0,0,0,0,0,18,3,1,14.8114,2,2,2
700.31,51,1957,0,0,0,0,0,0,20,3,2,13.731569,2,2,2
543.46,37,1933,1,0,0,0,0,0,1,2,1,14.688108,1,2,2
413.05,76,1893,0,0,0,1,0,0,43,1,2,5.434868,3,2,2
813.83,50,1893,0,1,0,1,0,0,1,1,1,16.2766,2,2,2
1184.54,98,1933,0,1,0,1,0,0,2,2,3,12.087143,5,2,1
661.78,51,1971,0,1,0,0,0,0,5,4,2,12.976078,2,2,2
674.22,68,1971,0,1,0,0,0,0,21,4,2,9.915,3,2,2
594.77,63,1971,0,1,0,0,0,0,6,4,2,9.440794,2,2,2
674.42,72,1971,0,1,0,0,0,0,22,4,2,9.366944,2,2,2
723.5,70,1957,0,1,0,0,0,0,33,3,2,10.335714,3,2,3
637.71,86,1957,0,1,0,0,0,0,6,3,3,7.415233,3,2,3
329.34,34,1957,0,1,0,0,0,0,14,3,1,9.686471,2,2,3
877.43,64,1987,0,1,0,0,0,0,4,6,2,13.709844,2,2,3
950.3,48,1957,0,1,0,0,0,0,2,3,1,19.797917,1,2,1
447.26,28,1957,0,1,0,0,0,0,4,3,1,15.973571,1,2,1
467.81,118,1893,0,0,0,0,0,0,4,1,3,3.964492,4,2,2
437.54,60,1893,0,0,1,0,0,0,53,1,2,7.292333,3,2,1
716,82,1893,0,1,0,1,0,0,1,1,3,8.731707,3,2,1
366.21,35,1893,0,0,0,0,0,0,11,1,1,10.463143,1,2,1
461.08,68,1897,1,0,0,0,0,0,2,1,2,6.780588,3,2,1
564.11,56,1893,0,1,0,1,0,0,8,1,2,10.073393,3,2,1
555.44,40,1959,0,1,0,0,0,0,1,3,1,13.886,1,2,1
541.09,30,1959,0,1,0,0,0,0,5,3,1,18.036333,1,2,1
528.7,50,1893,0,0,0,0,0,0,7,1,1,10.574,3,2,2
619.72,108,1893,0,0,1,0,0,0,24,1,3,5.738148,5,2,2
429.96,128,1893,0,1,0,0,0,0,6,1,3,3.359062,6,2,1
680.29,67,1957,0,1,0,1,0,0,8,3,2,10.153582,3,2,2
905.85,66,1893,0,1,0,1,0,0,14,1,2,13.725,3,2,2
467.6,30,1963,0,1,0,0,0,0,4,3,1,15.586667,1,2,1
924.71,46,1933,0,1,0,1,0,0,4,2,1,20.102391,2,2,1
715.19,50,1902,0,0,0,0,0,0,5,1,1,14.3038,2,2,2
698.69,45,1902,0,0,0,0,0,0,2,1,1,15.526444,2,2,2
833.69,45,1902,0,0,0,0,0,0,1,1,1,18.526444,2,2,2
912,117,1933,0,1,0,1,0,0,28,2,3,7.794872,5,3,3
485.18,38,1933,0,1,0,0,0,0,4,2,1,12.767895,2,2,3
768.88,49,1957,0,1,0,0,0,0,6,3,1,15.691429,2,2,2
226,65,1933,0,0,0,1,0,0,3,2,2,3.476923,3,2,2
423.17,47,1950,0,0,0,1,0,0,1,3,1,9.003617,2,2,2
1097.75,108,1933,0,0,0,0,0,0,22,2,3,10.164352,5,3,3
1157.18,95,1941,1,1,0,0,0,0,4,2,3,12.180842,4,2,3
380.84,64,1902,0,1,0,1,0,0,2,1,2,5.950625,2,2,3
1250,150,1927,0,0,0,1,0,0,9,2,3,8.333333,4,2,3
595.11,60,1893,0,0,1,0,0,0,6,1,2,9.9185,3,2,2
1410,78,1971,0,1,0,1,0,0,18,4,2,18.076923,3,2,2
1144.87,75,1971,0,1,0,1,0,0,2,4,2,15.264933,3,2,2
1977.24,103,1957,0,1,0,1,0,0,1,3,3,19.196505,4,2,2
676.14,63,1933,0,1,0,0,0,0,6,2,2,10.732381,3,2,2
723.88,52,1933,0,1,0,0,0,0,10,2,2,13.920769,2,2,2
1486.56,84,1971,0,1,0,1,0,1,3,4,3,17.697143,3,2,2
737.55,40,1957,0,0,0,0,0,0,2,3,1,18.43875,2,2,2
996.43,54,1957,0,1,0,1,0,0,6,3,2,18.452407,2,2,2
1233.16,114,1933,0,1,0,1,0,1,2,2,3,10.817193,3,2,3
481.61,35,1938,0,1,0,0,0,1,1,2,1,13.760286,2,2,3
303.2,50,1957,0,1,0,0,0,0,37,3,1,6.064,2,2,3
1213,60,1992,0,1,0,1,0,1,0,6,2,20.216667,2,2,3
1733.83,90,1893,0,1,0,1,0,0,2,1,3,19.264778,2,2,3
3010.16,164,1893,0,1,0,0,0,0,2,1,3,18.354634,6,2,3
922.76,80,1933,0,1,0,1,0,1,1,2,2,11.5345,3,2,3
342.13,81,1933,0,1,0,0,0,0,21,2,3,4.223827,3,2,2
516.01,45,1893,0,1,0,1,0,0,11,1,1,11.466889,1,2,2
586.07,75,1957,0,0,0,1,0,0,20,3,2,7.814267,2,2,2
905.09,74,1893,0,1,0,0,0,0,4,1,2,12.230946,2,2,2
651.69,115,1893,0,0,1,1,0,0,6,1,3,5.66687,5,2,2
924.4,40,1893,0,1,0,0,0,0,2,1,1,23.11,2,2,2
885.53,72,1933,0,1,0,1,0,1,0,2,2,12.299028,2,2,2
600.88,76,1893,0,0,1,0,0,0,33,1,2,7.906316,3,2,2
573.32,76,1893,0,0,1,0,0,0,44,1,2,7.543684,3,2,2
1466.8,70,1893,0,0,0,0,0,0,1,1,2,20.954286,3,2,2
943.08,80,1933,0,1,0,1,0,0,5,2,2,11.7885,3,2,2
1014.84,62,1957,0,1,0,1,0,0,10,3,2,16.368387,2,2,2
563.8,56,1957,0,1,0,1,0,0,9,3,2,10.067857,2,2,2
1120.27,87,1957,0,1,0,1,0,0,17,3,3,12.876667,3,2,2
977.66,160,1893,1,0,1,0,1,0,48,1,3,6.110375,5,2,2
914.54,86,1957,0,0,0,0,1,0,8,3,3,10.634186,3,2,2
1100.7,62,1957,0,1,0,1,0,0,2,3,2,17.753226,2,2,2
539.4,60,1893,0,1,0,0,0,0,7,1,2,8.99,3,2,2
759.08,68,1893,0,1,0,0,0,0,35,1,2,11.162941,3,2,2
670.26,62,1957,0,1,0,1,0,0,25,3,2,10.810645,4,2,2
696.98,64,1933,0,1,0,1,0,0,10,2,2,10.890312,3,2,2
941.97,95,1957,0,1,0,1,0,0,29,3,3,9.915474,2,2,2
1668.67,90,1957,0,1,0,1,0,0,11,3,3,18.540778,3,2,2
757.54,33,1957,0,1,0,0,0,1,1,3,1,22.955758,1,2,2
456.17,80,1893,0,0,0,1,0,0,17,1,2,5.702125,4,2,2
763.3,85,1985,0,1,0,1,0,0,1,6,3,8.98,3,2,2
605.8,60,1893,0,0,0,0,0,0,9,1,2,10.096667,3,2,2
794.21,71,1933,0,1,0,0,0,0,33,2,2,11.186056,2,2,2
720.21,71,1933,0,1,0,1,0,0,36,2,2,10.143803,3,2,2
1346.83,80,1957,0,1,0,1,0,0,7,3,2,16.835375,2,2,3
576.51,35,1893,1,1,0,0,0,0,4,1,1,16.471714,2,2,2
771.35,81,1893,0,0,1,0,0,0,3,1,3,9.52284,3,2,2
1766.11,125,1893,0,1,0,1,0,0,5,1,3,14.12888,5,2,2
1302.4,141,1893,0,1,0,1,0,0,14,1,3,9.236879,4,2,2
867.2,80,1893,0,0,1,0,0,0,8,1,2,10.84,3,2,2
563.61,110,1893,0,0,1,0,0,0,55,1,3,5.123727,4,2,2
442.04,180,1933,0,0,1,0,0,0,23,2,3,2.455778,5,2,3
400.29,95,1933,0,0,0,1,0,0,14,2,3,4.213579,4,2,3
977.21,105,1893,0,1,0,1,0,0,9,1,3,9.306762,3,2,3
1050.1,70,1893,0,0,0,1,0,1,3,1,2,15.001429,2,2,3
811.83,47,1893,0,0,0,1,0,0,4,1,1,17.272979,2,2,3
365.08,58,1893,0,0,0,0,0,0,25,1,2,6.294483,2,2,2
649.45,69,1957,0,1,0,0,0,0,31,3,2,9.412319,3,2,3
1567.6,100,1957,0,1,0,1,0,0,2,3,3,15.676,5,2,3
764.29,63,1957,0,1,0,0,0,0,30,3,2,12.131587,2,2,3
608,67,1971,0,1,0,1,0,0,25,4,2,9.074627,3,2,2
628,78,1971,0,1,0,1,0,0,7,4,2,8.051282,3,2,2
481,58,1971,0,1,0,1,0,0,25,4,2,8.293103,2,2,2
475,29,1972,0,1,0,1,1,0,3,4,1,16.37931,2,2,2
728.03,78,1971,0,1,0,1,1,0,23,4,2,9.333718,3,2,2
533.45,69,1967,0,1,0,1,1,0,0,4,2,7.731159,3,2,2
762.02,78,1971,0,1,0,1,1,0,5,4,2,9.769487,3,2,2
478.92,68,1957,0,1,0,1,1,0,2,3,2,7.042941,2,2,2
433.8,48,1969,0,1,0,1,1,0,3,4,1,9.0375,2,2,2
740.28,68,1969,0,1,0,1,0,0,3,4,2,10.886471,2,2,2
417.3,36,1972,0,1,0,0,0,0,3,4,1,11.591667,2,2,2
556.67,36,1972,0,1,0,1,0,0,1,4,1,15.463056,2,2,2
472.05,35,1972,0,1,0,1,0,0,5,4,1,13.487143,2,2,2
413,37,1971,0,1,0,1,0,0,20,4,1,11.162162,1,2,2
597.38,64,1968,0,1,0,1,0,0,2,4,2,9.334062,2,2,2
861,65,1971,0,1,0,1,0,0,23,4,2,13.246154,2,2,2
608.17,49,1969,0,1,0,1,1,0,3,4,1,12.411633,2,2,2
818.14,68,1957,0,1,0,1,0,0,2,3,2,12.031471,3,2,2
587.86,52,1957,0,1,0,0,0,0,9,3,2,11.305,2,2,2
696.91,77,1933,0,1,0,1,0,0,28,2,2,9.050779,3,2,2
184.94,65,1919,0,1,0,1,0,0,2,2,2,2.845231,2,2,2
440.31,35,1969,0,1,0,0,0,0,2,4,1,12.580286,1,2,2
847.42,35,1969,0,1,0,1,0,1,4,4,1,24.212,1,2,2
469.5,32,1969,0,1,0,1,0,0,11,4,1,14.671875,1,2,2
499.97,32,1971,0,1,0,1,0,0,8,4,1,15.624062,1,2,2
744.66,48,1963,0,1,0,1,0,0,0,3,1,15.51375,2,2,2
231.4,60,1957,0,1,0,0,0,0,29,3,2,3.856667,3,2,2
526.26,75,1971,0,1,0,0,0,0,11,4,2,7.0168,3,2,2
1273.46,86,1971,0,1,0,1,0,1,1,4,3,14.807674,3,2,2
1693.35,150,1957,0,1,0,1,0,0,7,3,3,11.289,5,2,2
848.27,67,1971,0,1,0,1,0,0,3,4,2,12.660746,3,2,2
902.24,89,1971,0,1,0,1,0,0,7,4,3,10.137528,4,2,2
822.1,100,1971,0,1,0,1,0,0,6,4,3,8.221,4,2,2
1691.25,118,1980,0,1,0,1,0,1,2,5,3,14.332627,4,1,1
510.55,42,1980,0,1,0,1,0,1,3,5,1,12.155952,1,1,1
855,68,1971,0,1,0,1,0,0,23,4,2,12.573529,2,2,2
749.16,60,1971,0,1,0,1,0,0,23,4,2,12.486,2,2,2
677.28,55,1971,0,1,0,1,0,1,7,4,2,12.314182,2,2,2
2028.43,103,1971,0,1,0,1,0,0,2,4,3,19.693495,4,2,2
1500,77,1971,0,1,0,1,0,0,2,4,2,19.480519,3,2,2
650,67,1971,0,1,0,1,0,1,1,4,2,9.701493,2,2,2
1300,80,1957,0,1,0,1,0,0,1,3,2,16.25,4,2,2
489.72,80,1971,0,1,0,1,0,0,15,4,2,6.1215,3,1,2
363.18,64,1957,0,1,0,1,0,0,21,3,2,5.674688,3,2,2
764.69,73,1957,0,1,0,0,0,0,22,3,2,10.475205,3,2,3
764.69,73,1957,0,1,0,0,0,0,17,3,2,10.475205,3,2,3
895.82,74,1957,0,1,0,1,0,0,15,3,2,12.105676,3,2,3
831.35,65,1971,0,1,0,1,0,0,2,4,2,12.79,3,2,2
622.05,55,1971,0,1,0,1,0,0,26,4,2,11.31,3,2,2
607.35,56,1893,0,0,0,1,0,1,6,1,2,10.845536,3,2,3
394.23,140,1957,0,1,0,1,0,0,27,3,3,2.815929,5,2,3
576.95,75,1971,0,0,0,1,0,0,13,4,2,7.692667,3,2,3
1153.72,76,1933,0,1,0,1,0,0,4,2,2,15.180526,3,2,3
781.2,70,1971,0,1,0,0,0,0,1,4,2,11.16,3,2,3
1566.48,95,1980,0,1,0,1,0,0,7,5,3,16.489263,4,2,3
1600.33,95,1980,0,1,0,1,0,0,14,5,3,16.845579,4,2,3
1370.88,88,1957,0,1,0,1,0,0,5,3,3,15.578182,3,2,3
758.86,65,1985,0,1,0,1,0,0,2,6,2,11.674769,3,2,2
669.15,84,1971,0,1,0,1,0,0,5,4,3,7.966071,4,2,3
797.52,46,1966,0,1,0,1,0,0,3,4,1,17.337391,2,2,2
494.18,26,1966,0,1,0,1,0,0,16,4,1,19.006923,1,2,2
664.9,68,1957,0,1,0,1,0,0,28,3,2,9.777941,3,2,2
382.8,30,1964,0,1,0,0,0,0,2,3,1,12.76,1,2,2
604.11,67,1957,0,1,0,1,0,0,30,3,2,9.016567,3,2,2
532.3,73,1957,0,1,0,1,0,0,2,3,2,7.291781,3,2,2
409.13,61,1918,0,0,0,1,0,0,5,1,2,6.707049,2,2,2
898.47,80,1967,0,1,0,1,0,0,11,4,2,11.230875,3,2,2
437.07,80,1971,0,1,0,1,0,0,15,4,2,5.463375,3,2,2
333.29,80,1971,0,1,0,1,0,0,13,4,2,4.166125,3,2,2
506.11,42,1971,0,1,0,1,0,0,20,4,1,12.050238,1,1,1
809.74,60,1971,0,1,0,1,0,0,6,4,2,13.495667,2,1,1
621.46,80,1893,0,1,0,1,0,0,6,1,2,7.76825,3,2,1
474.27,44,1971,0,1,0,1,0,0,13,4,1,10.778864,2,2,2
1142.69,87,1971,0,1,0,1,0,0,4,4,3,13.134368,4,2,2
863.09,87,1971,0,1,0,1,0,0,21,4,3,9.920575,3,2,2
558.74,60,1957,0,1,0,1,0,0,17,3,2,9.312333,2,2,2
881.36,53,1957,0,1,0,1,0,0,8,3,2,16.629434,2,2,2
551.2,110,1893,0,1,0,1,0,0,32,1,3,5.010909,5,2,2
712.32,50,1957,0,1,0,1,0,0,28,3,1,14.2464,2,2,2
752.22,78,1957,0,1,0,0,0,0,7,3,2,9.643846,3,2,2
445.9,52,1957,0,1,0,0,0,0,6,3,2,8.575,2,2,3
650.59,52,1957,0,0,0,0,0,0,6,3,2,12.511346,2,2,3
625.47,52,1957,0,1,0,1,0,0,5,3,2,12.028269,2,2,3
957.42,70,1971,0,1,0,1,0,1,9,4,2,13.677429,2,2,2
600.84,32,1971,0,1,0,1,0,0,11,4,1,18.77625,1,2,2
370.12,82,1893,0,0,1,0,0,0,29,1,3,4.513659,3,2,2
283.32,60,1893,1,0,1,0,0,0,13,1,2,4.722,2,2,2
1834.9,88,1989,0,1,0,1,0,0,3,6,3,20.851136,4,2,3
897.55,65,1950,0,1,0,1,0,1,3,3,2,13.808462,3,2,3
1820.2,92,1971,0,1,0,1,0,0,2,4,3,19.784783,3,2,3
1159.75,92,1957,0,1,0,1,1,0,18,3,3,12.605978,3,2,3
690.37,69,1957,0,1,0,0,0,0,18,3,2,10.005362,3,2,2
619.76,46,1957,0,1,0,0,0,0,3,3,1,13.473043,2,2,2
524.04,55,1898,0,1,0,0,0,0,3,1,2,9.528,2,2,2
479.04,35,1898,0,1,0,0,0,0,1,1,1,13.686857,1,2,2
323.03,113,1970,0,1,0,0,0,0,4,4,3,2.858673,4,2,2
748.85,45,1970,0,1,0,0,0,0,5,4,1,16.641111,1,2,2
377.94,56,1951,0,1,0,1,0,0,2,3,2,6.748929,2,2,2
1009.18,55,1980,0,1,0,1,0,0,9,5,2,18.348727,2,2,2
1130,55,1980,0,1,0,1,0,0,1,5,2,20.545455,2,2,2
925.1,55,1980,0,1,0,1,0,0,6,5,2,16.82,2,2,2
989.44,55,1980,0,1,0,1,0,0,1,5,2,17.989818,2,2,2
1169.07,75,1956,0,1,0,1,0,0,0,3,2,15.5876,3,2,2
535.81,110,1957,0,1,0,1,0,0,9,3,3,4.871,5,2,2
591.25,27,1957,0,1,0,0,0,0,2,3,1,21.898148,1,2,2
1152.1,50,1957,0,1,0,0,0,0,3,3,1,23.042,2,2,2
783.56,58,1985,0,1,0,1,0,0,2,6,2,13.509655,2,2,2
335.56,39,1957,0,1,0,1,0,0,30,3,1,8.604103,1,2,2
1241.67,65,1959,0,1,0,1,0,1,12,3,2,19.102615,3,2,2
892.04,56,1971,0,1,0,0,0,0,1,4,2,15.929286,2,2,2
939.92,63,1971,0,1,0,1,0,0,1,4,2,14.919365,2,2,2
1180.04,82,1980,0,1,0,1,0,0,2,5,3,14.390732,3,2,2
663.81,53,1971,0,1,0,1,0,0,22,4,2,12.524717,2,2,2
713.24,90,1957,0,1,0,1,0,0,11,3,3,7.924889,3,2,2
581.33,50,1971,0,1,0,1,0,0,14,4,1,11.6266,2,2,2
1390.37,100,1957,0,1,0,1,0,1,2,3,3,13.9037,3,2,2
1287.08,110,1971,0,1,0,1,0,1,9,4,3,11.700727,3,2,2
970,61,1957,0,1,0,1,0,1,0,3,2,15.901639,3,2,2
1320,64,1985,0,1,0,1,0,0,6,6,2,20.625,2,2,2
1120.05,95,1971,0,1,0,0,0,0,20,4,3,11.79,3,2,3
1599.57,106,1980,0,1,0,0,0,0,3,5,3,15.090283,3,2,2
365.84,87,1957,0,1,0,1,0,0,2,3,3,4.205057,4,2,3
599.99,87,1957,0,1,0,1,0,0,6,3,3,6.896437,4,2,3
653.27,54,1980,0,1,0,1,0,0,9,5,2,12.097593,1,2,3
537.16,60,1979,0,1,0,0,0,0,4,5,2,8.952667,2,2,3
583,46,1980,0,1,0,1,0,0,13,5,1,12.673913,1,2,3
739.91,90,1933,0,1,0,1,0,0,28,2,3,8.221222,4,2,3
508.6,30,1957,0,1,0,1,0,0,3,3,1,16.953333,1,2,3
953.45,65,1984,0,1,0,0,0,0,2,6,2,14.668462,3,2,3
858.98,35,1971,0,1,0,0,0,0,3,4,1,24.542286,2,2,3
1351.93,104,1970,0,1,0,0,0,0,2,4,3,12.999327,4,2,3
570,70,1957,0,1,0,0,0,0,3,3,2,8.142857,3,2,3
483.16,52,1965,0,1,0,0,0,0,18,3,2,9.291538,2,2,3
1334.66,85,1980,0,1,0,1,0,0,9,5,3,15.701882,3,2,3
405.92,46,1957,0,1,0,0,0,0,24,3,1,8.824348,2,2,2
662.87,45,1933,0,1,0,1,0,0,15,2,1,14.730444,2,2,3
335.8,38,1954,1,1,0,0,0,0,2,3,1,8.836842,1,2,2
1240.25,90,1980,0,1,0,1,0,0,11,5,3,13.780556,3,2,3
1220,82,1980,0,1,0,0,0,0,6,5,3,14.878049,3,2,3
1756.78,110,1983,0,1,0,1,0,0,6,5,3,15.970727,4,2,1
424.2,29,1957,0,1,0,1,0,0,21,3,1,14.627586,1,1,1
158,29,1957,0,1,0,0,0,0,17,3,1,5.448276,1,1,1
307.43,80,1893,0,0,0,1,0,0,60,1,2,3.842875,3,2,1
515.1,76,1971,0,1,0,1,0,0,21,4,2,6.777632,3,2,1
510.92,76,1971,0,1,0,1,0,0,21,4,2,6.722632,3,2,1
761.31,72,1957,0,1,0,0,0,0,8,3,2,10.57375,3,1,1
697.57,60,1957,0,1,0,0,0,0,31,3,2,11.626167,3,1,1
550.05,60,1960,0,1,0,0,0,0,13,3,2,9.1675,3,1,1
322.83,48,1893,0,1,0,0,0,0,5,1,1,6.725625,2,2,3
771.22,54,1971,0,1,0,1,0,0,17,4,2,14.281852,2,2,2
1084.08,65,1956,0,1,0,1,0,0,7,3,2,16.678154,3,2,2
821,80,1957,0,0,1,0,0,0,21,3,2,10.2625,3,2,2
824.28,67,1957,0,1,0,0,0,0,11,3,2,12.302687,3,2,2
686.93,82,1957,0,1,0,0,0,0,24,3,3,8.377195,3,2,2
726.73,76,1933,0,1,0,1,0,0,32,2,2,9.562237,2,2,1
409,24,1966,0,1,0,0,0,0,3,4,1,17.041667,1,2,1
1120,51,1985,0,1,0,1,0,0,0,6,2,21.960784,2,2,2
944.55,51,1985,0,1,0,1,0,1,7,6,2,18.520588,2,2,2
979.88,60,1957,0,1,0,1,0,0,1,3,2,16.331333,2,2,2
750,70,1971,0,1,0,1,0,0,20,4,2,10.714286,3,2,2
647.8,96,1957,0,1,0,1,0,0,11,3,3,6.747917,5,2,2
1370.97,83,1957,0,1,0,1,0,0,3,3,3,16.517711,4,2,2
544.15,32,1957,0,1,0,1,0,0,1,3,1,17.004688,1,2,2
523.76,56,1971,0,1,0,1,0,0,21,4,2,9.352857,2,2,2
671.22,76,1971,0,1,0,0,0,0,19,4,2,8.831842,3,2,3
1087.13,100,1933,0,1,0,1,0,0,20,2,3,10.8713,4,2,3
431.41,28,1971,0,1,0,1,0,0,7,4,1,15.4075,1,2,2
858.5,47,1971,0,1,0,1,0,0,19,4,1,18.265957,2,2,2
688,75,1957,0,1,0,0,0,0,15,3,2,9.173333,3,2,3
895.21,70,1957,0,0,1,0,0,0,22,3,2,12.788714,3,2,3
467.88,44,1933,1,0,1,0,0,0,40,2,1,10.633636,2,2,3
1130.84,55,1967,0,1,0,1,0,0,1,4,2,20.560727,2,2,3
558.3,30,1967,1,1,0,0,0,0,9,4,1,18.61,1,2,3
1600,106,1893,0,1,0,0,0,0,26,1,3,15.09434,3,2,3
567,75,1975,0,1,0,1,0,0,3,4,2,7.56,3,2,3
560.14,81,1980,0,1,0,1,0,0,14,5,3,6.915309,4,2,3
714.45,56,1940,0,1,0,1,0,0,3,2,2,12.758036,2,2,3
472.9,56,1933,0,0,1,0,0,0,52,2,2,8.444643,2,2,3
364.94,54,1933,0,0,1,0,0,0,35,2,2,6.758148,2,2,3
611.17,103,1971,0,1,0,0,0,0,4,4,3,5.933689,4,2,2
560.2,108,1968,0,1,0,1,0,0,7,4,3,5.187037,6,2,2
868.76,104,1971,0,1,0,1,0,0,19,4,3,8.353462,6,2,2
670,74,1971,0,1,0,0,0,0,5,4,2,9.054054,3,2,2
668.47,60,1957,0,1,0,0,0,0,21,3,2,11.141167,3,2,3
1195.46,60,1968,0,1,0,1,0,0,8,4,2,19.924333,2,2,3
471.77,34,1957,0,1,0,0,0,0,34,3,1,13.875588,1,2,3
936.08,60,1958,0,1,0,0,0,0,8,3,2,15.601333,2,2,3
874.2,62,1958,0,1,0,1,0,0,3,3,2,14.1,2,2,3
971.17,65,1957,0,1,0,0,0,0,34,3,2,14.941077,2,2,3
1247.88,78,1937,0,1,0,0,0,0,2,2,2,15.998462,3,2,3
1438.06,80,1939,0,1,0,1,0,0,5,2,2,17.97575,3,2,3
1291.08,103,1980,0,1,0,1,0,0,3,5,3,12.534757,4,2,3
481.51,31,1964,0,1,0,0,0,0,2,3,1,15.532581,1,2,3
523.4,29,1964,0,1,0,0,0,0,1,3,1,18.048276,1,2,3
775.24,41,1964,0,1,0,0,0,0,0,3,1,18.908293,1,2,3
860.65,54,1980,0,1,0,1,0,0,13,5,2,15.937963,2,2,3
1242.34,72,1980,0,1,0,1,0,0,5,5,2,17.254722,3,2,3
1481.62,55,1980,0,1,0,0,0,1,1,5,2,26.938545,2,2,3
1262.31,72,1980,0,1,0,1,0,0,4,5,2,17.532083,3,2,3
2028.64,80,1992,0,1,0,1,0,0,1,6,2,25.358,3,2,3
1490.88,92,1957,0,1,0,1,0,0,13,3,3,16.205217,4,2,3
754,74,1957,0,1,0,0,1,0,19,3,2,10.189189,3,2,2
754.9,85,1893,1,0,0,0,0,0,19,1,3,8.881176,3,2,2
714.5,125,1893,0,1,0,1,0,0,20,1,3,5.716,4,2,3
977.46,58,1980,0,0,0,1,0,0,7,5,2,16.852759,2,2,2
1104.17,67,1980,0,1,0,1,0,0,3,5,2,16.480149,2,2,2
566,62,1893,0,1,0,0,0,0,18,1,2,9.129032,2,2,2
1308.29,67,1985,0,1,0,1,0,0,8,6,2,19.526716,2,2,2
950,118,1933,0,1,0,0,0,0,19,2,3,8.050847,5,2,2
981,124,1933,0,1,0,1,0,0,21,2,3,7.91129,4,2,2
1570,98,1893,0,0,0,1,1,0,1,1,3,16.020408,3,2,2
689.08,90,1893,0,0,0,0,0,0,16,1,3,7.656444,3,2,2
1380,68,1888,0,1,0,1,0,0,1,1,2,20.294118,3,2,2
1400,50,1893,0,1,0,1,1,0,0,1,1,28,3,2,2
1555.12,180,1893,0,0,0,0,0,0,3,1,3,8.639556,7,2,2
734.4,70,1949,0,1,1,1,0,0,2,3,2,10.491429,3,2,2
1002.06,65,1933,0,0,0,0,0,1,3,2,2,15.416308,3,2,2
1883.99,130,1952,0,1,0,1,0,1,3,3,3,14.492231,3,3,3
1650,70,1949,0,1,0,1,0,1,0,3,2,23.571429,3,2,2
350.76,42,1957,0,1,0,1,0,0,28,3,1,8.351429,2,2,2
723.51,45,1957,0,1,0,0,0,0,2,3,1,16.078,2,2,2
1899.67,145,1893,0,1,0,1,0,0,3,1,3,13.101172,6,2,2
203.12,76,1893,1,0,1,0,0,0,7,1,2,2.672632,3,2,2
1270,61,1919,0,0,0,0,0,0,1,2,2,20.819672,2,2,2
1716,196,1933,0,1,0,1,0,0,6,2,3,8.755102,9,2,2
607.74,53,1957,0,1,0,0,0,0,20,3,2,11.466792,2,2,2
1054.84,90,1893,0,1,0,1,0,0,1,1,3,11.720444,3,2,2
908.82,107,1933,0,1,0,0,0,0,11,2,3,8.493645,4,2,2
771.72,105,1893,0,0,1,0,0,0,31,1,3,7.349714,4,2,2
757.6,43,1961,0,1,0,0,0,1,20,3,1,17.618605,2,2,3
1183.72,48,1893,0,1,0,0,0,1,2,1,1,24.660833,1,2,2
966,35,1980,0,1,0,1,0,1,1,5,1,27.6,1,3,3
3130,200,1933,0,1,0,1,0,0,6,2,3,15.65,6,3,3
359,26,1933,0,1,0,0,0,0,5,2,1,13.807692,1,3,3
1018.3,85,1919,0,1,0,1,0,1,2,2,3,11.98,3,2,2
441.52,95,1875,0,0,0,0,0,0,19,1,3,4.647579,3,2,2
226.74,48,1893,1,0,1,0,0,0,7,1,1,4.72375,2,2,2
1243.96,51,1962,0,1,0,1,0,0,3,3,2,24.391373,2,2,2
2250,87,1893,0,1,0,1,0,0,3,1,3,25.862069,3,2,2
1730.88,79,1898,0,1,0,1,0,1,2,1,2,21.909873,3,2,2
470,75,1893,1,0,1,0,0,0,2,1,2,6.266667,3,2,2
686.4,160,1893,0,0,1,0,0,0,10,1,3,4.29,6,2,2
665.76,89,1957,0,1,0,1,0,0,9,3,3,7.480449,4,2,3
1047.46,100,1957,0,0,0,0,0,0,5,3,3,10.4746,4,2,3
1058.58,100,1985,0,1,0,1,0,0,5,6,3,10.5858,4,2,2
681.4,76,1971,0,1,0,1,0,0,12,4,2,8.965789,3,2,2
1613.98,120,1971,0,1,0,1,0,1,10,4,3,13.449833,4,2,2
1755.24,75,1893,0,1,0,1,0,0,3,1,2,23.4032,2,2,2
424.97,58,1893,0,0,0,0,0,0,59,1,2,7.327069,3,2,2
1155.49,80,1957,0,1,0,1,0,0,2,3,2,14.443625,3,2,2
631.16,75,1957,0,0,0,0,0,0,41,3,2,8.415467,3,2,2
521.82,72,1909,0,1,0,1,0,0,1,1,2,7.2475,2,2,2
476.94,80,1893,0,1,0,1,0,0,48,1,2,5.96175,3,2,2
365.66,60,1893,0,1,0,1,0,0,1,1,2,6.094333,2,2,2
468.16,85,1905,0,0,0,0,0,0,3,1,3,5.507765,3,2,2
426.5,52,1893,0,0,0,1,0,0,32,1,2,8.201923,2,2,2
423.3,95,1893,0,0,0,0,0,0,24,1,3,4.455789,3,2,2
749.6,80,1919,0,1,0,1,0,0,9,2,2,9.37,2,2,2
529.31,40,1893,0,1,0,0,0,0,6,1,1,13.23275,1,2,2
1094.87,66,1983,0,1,0,1,0,0,6,5,2,16.588939,2,2,2
1194.35,77,1957,0,1,0,0,0,0,2,3,2,15.511039,3,2,2
537.35,52,1957,0,1,0,1,0,0,14,3,2,10.333654,2,2,2
413.66,49,1957,0,1,0,1,0,0,5,3,1,8.442041,2,2,2
584.87,90,1991,0,1,0,1,0,0,2,6,3,6.498556,3,2,2
572.45,75,1991,0,1,0,1,0,0,2,6,2,7.632667,3,2,2
730.88,82,1957,0,1,0,1,0,0,3,3,3,8.913171,3,2,2
770.88,98,1893,0,0,0,0,0,0,11,1,3,7.866122,4,2,2
851.88,57,1893,0,1,0,1,0,0,4,1,2,14.945263,2,2,2
579.32,94,1893,0,0,0,0,0,0,9,1,3,6.162979,3,2,2
754.56,98,1893,0,0,0,0,0,0,12,1,3,7.699592,4,2,2
454.19,126,1893,0,0,0,0,0,0,72,1,3,3.604683,4,2,2
714.77,38,1893,0,0,0,1,0,0,2,1,1,18.809737,1,2,2
660,50,1893,0,0,0,0,0,0,9,1,1,13.2,2,2,2
853.8,110,1893,0,0,0,0,0,0,18,1,3,7.761818,5,2,2
665.2,60,1893,1,0,0,0,0,0,1,1,2,11.086667,3,2,2
1070,93,1893,0,1,0,0,0,0,5,1,3,11.505376,4,2,2
695.55,80,1893,1,0,0,0,0,0,29,1,2,8.694375,3,2,2
710.6,90,1893,0,0,0,1,0,0,6,1,3,7.895556,3,2,2
515.84,86,1893,0,0,0,1,0,0,3,1,3,5.99814,4,2,2
591.29,57,1971,0,1,0,1,1,0,26,4,2,10.373509,2,2,2
1351.86,62,1980,0,1,0,1,0,0,3,5,2,21.804194,2,2,2
225.74,79,1896,0,0,0,0,0,0,6,1,2,2.857468,3,2,2
458.12,60,1896,0,0,0,0,1,0,2,1,2,7.635333,2,2,2
795.63,61,1957,0,1,0,1,0,0,11,3,2,13.043115,3,2,2
1206.27,60,1957,0,1,0,1,0,0,2,3,2,20.1045,3,2,2
1132.36,88,1957,0,1,0,1,0,0,21,3,3,12.867727,4,2,2
650,44,1957,0,1,0,0,0,0,3,3,1,14.772727,2,2,2
544.29,44,1957,0,1,0,1,0,1,3,3,1,12.370227,2,2,2
507.06,27,1957,0,1,0,1,1,0,2,3,1,18.78,1,2,2
576.34,23,1957,0,1,0,1,1,0,3,3,1,25.058261,1,2,2
929.52,75,1933,0,1,0,1,0,0,8,2,2,12.3936,3,2,2
633.19,103,1957,0,0,0,0,0,0,21,3,3,6.147476,4,2,2
539.06,106,1957,0,1,0,0,0,0,34,3,3,5.085472,3,2,2
444.02,98,1893,0,0,1,0,0,0,25,1,3,4.530816,4,2,1
758.71,42,1893,0,1,0,1,0,0,0,1,1,18.064524,1,2,1
364.17,95,1893,0,0,1,0,1,0,25,1,3,3.833368,3,2,1
825.78,73,1893,0,1,0,0,0,0,2,1,2,11.312055,3,2,1
837.9,35,1860,0,1,0,1,0,0,3,1,1,23.94,2,2,2
845.88,24,1893,0,1,0,1,0,0,5,1,1,35.245,1,2,2
987.1,58,1980,0,1,0,1,1,0,4,5,2,17.018966,2,2,2
1274.05,60,1980,0,1,0,1,1,0,1,5,2,21.234167,2,2,2
1123.78,70,1893,0,1,0,1,0,0,5,1,2,16.054,2,2,1
1026.86,86,1893,0,1,0,1,0,0,3,1,3,11.940233,2,2,1
1330.66,88,1985,0,1,0,1,0,0,6,6,3,15.121136,3,2,1
172,39,1957,0,0,1,0,0,0,16,3,1,4.410256,1,2,1
515.95,59,1957,0,0,0,0,1,0,10,3,2,8.744915,2,2,1
426.91,50,1957,0,0,1,0,0,0,40,3,1,8.5382,2,2,1
284.72,66,1893,0,0,1,0,0,0,22,1,2,4.313939,3,2,2
613.34,35,1967,0,1,0,1,0,0,6,4,1,17.524,1,2,2
817.18,58,1957,0,1,0,0,0,0,16,3,2,14.08931,2,2,1
999.48,75,1957,0,1,0,0,0,1,19,3,2,13.3264,2,3,3
618.58,54,1971,0,1,0,1,0,0,19,4,2,11.455185,2,2,2
413,20,1957,0,1,0,0,0,0,0,3,1,20.65,1,2,2
598.69,48,1933,0,1,0,1,0,0,1,2,1,12.472708,2,2,1
972.48,63,1957,0,1,0,0,0,0,2,3,2,15.43619,3,2,2
747.32,72,1893,0,1,0,1,0,0,3,1,2,10.379444,3,2,3
346.61,130,1893,0,1,0,1,0,0,3,1,3,2.666231,5,2,3
490.13,110,1893,0,1,0,1,0,0,3,1,3,4.455727,5,2,3
787.31,73,1957,0,1,0,1,0,0,2,3,2,10.785068,3,2,3
556.25,58,1919,0,1,0,1,0,0,2,2,2,9.590517,2,2,3
1658.94,146,1893,0,1,0,0,0,0,8,1,3,11.362603,6,2,3
1641.85,145,1893,0,1,0,1,0,0,8,1,3,11.323103,5,2,3
1545.48,85,1893,0,1,0,1,0,0,5,1,3,18.182118,4,2,3
1229.64,92,1893,0,1,0,1,0,0,3,1,3,13.365652,3,2,3
1378.82,90,1893,0,1,0,1,0,0,3,1,3,15.320222,3,2,3
586.93,30,1957,0,1,0,1,0,1,1,3,1,19.564333,1,2,2
573.55,36,1957,0,1,0,1,0,0,2,3,1,15.931944,1,2,2
985.33,53,1957,0,1,0,1,0,0,3,3,2,18.591132,3,2,2
735.82,98,1957,0,1,0,1,0,0,3,3,3,7.508367,3,2,2
584.17,45,1957,0,1,0,0,0,0,1,3,1,12.981556,2,2,2
821.84,50,1957,0,0,0,1,0,0,1,3,1,16.4368,2,2,2
629.67,70,1919,0,0,0,1,0,0,2,2,2,8.995286,3,2,2
802.69,36,1957,0,1,0,1,0,1,5,3,1,22.296944,2,2,3
853.94,94,1957,0,1,0,1,0,0,40,3,3,9.084468,3,2,2
1040.02,100,1919,0,1,0,1,0,0,9,2,3,10.4002,3,2,2
516.41,89,1893,0,0,0,0,1,0,20,1,3,5.80236,3,2,2
393.6,80,1893,0,0,1,0,0,0,22,1,2,4.92,3,2,1
1091.1,120,1800,0,0,0,0,0,0,8,1,3,9.0925,6,2,2
586.19,34,1957,0,1,0,0,0,0,21,3,1,17.240882,1,2,2
584.7,34,1962,0,1,0,1,0,0,1,3,1,17.197059,1,2,2
1546.44,138,1933,0,1,0,1,0,0,0,2,3,11.206087,4,2,3
1393.51,160,1933,0,1,0,1,0,0,25,2,3,8.709438,5,2,3
900,74,1957,0,1,0,1,0,0,30,3,2,12.162162,3,2,3
1030.45,74,1957,0,1,0,1,0,0,36,3,2,13.925,3,2,3
1314.5,90,1893,0,0,0,1,1,0,0,1,3,14.605556,2,2,3
632.89,55,1893,0,0,0,1,0,0,8,1,2,11.507091,2,2,3
2764.53,120,1933,0,1,0,1,0,0,2,2,3,23.03775,4,2,3
506.38,56,1957,0,1,0,0,0,0,35,3,2,9.0425,2,2,3
602.25,55,1957,0,1,0,0,0,0,14,3,2,10.95,2,2,3
356,33,1957,0,1,0,0,0,0,35,3,1,10.787879,1,2,3
754.79,80,1957,0,1,0,0,0,0,15,3,2,9.434875,3,2,3
835,70,1971,0,1,0,1,0,0,18,4,2,11.928571,3,2,3
1004.63,60,1971,0,1,0,1,0,1,8,4,2,16.743833,2,2,3
639.39,76,1939,0,1,0,0,0,0,4,2,2,8.413026,3,2,3
1115.92,60,1933,0,1,0,1,0,0,2,2,2,18.598667,3,2,3
1566.15,74,1933,0,1,0,1,0,0,2,2,2,21.164189,3,2,3
232.04,57,1933,0,1,0,1,0,0,15,2,2,4.070877,2,2,3
223.68,42,1957,0,1,0,0,0,0,44,3,1,5.325714,2,2,3
1229,93,1985,0,1,0,1,0,1,7,6,3,13.215054,3,2,1
596.17,48,1933,0,1,0,1,0,0,1,2,1,12.420208,2,2,3
2266.88,130,1933,0,1,0,0,0,0,17,2,3,17.437538,4,2,3
351.36,54,1987,0,1,0,0,0,1,3,6,2,6.506667,2,2,3
776,59,1957,0,1,0,0,0,0,34,3,2,13.152542,2,2,3
721.26,80,1893,0,1,0,0,0,0,43,1,2,9.01575,3,2,3
1091.2,114,1893,0,1,0,1,0,1,24,1,3,9.57193,4,2,3
1090.95,63,1957,0,1,0,0,0,0,18,3,2,17.316667,2,2,3
601.02,53,1957,0,1,0,1,0,0,6,3,2,11.34,2,2,2
592.69,45,1957,0,1,0,1,0,0,12,3,1,13.170889,2,2,2
892,45,1971,0,1,0,1,0,0,1,4,1,19.822222,2,2,2
900,33,1985,0,1,0,1,0,0,4,6,1,27.272727,1,2,3
437.5,34,1896,0,1,0,0,0,0,3,1,1,12.867647,1,2,2
800,70,1929,0,1,0,1,0,0,6,2,2,11.428571,3,2,2
973.84,112,1957,0,1,0,0,0,0,8,3,3,8.695,4,2,3
1245.15,87,1980,0,1,0,1,0,0,11,5,3,14.312069,3,2,3
1165.25,92,1957,0,1,0,1,0,0,3,3,3,12.665761,4,2,2
398,67,1957,0,1,0,0,0,0,30,3,2,5.940299,3,2,2
364.36,67,1957,0,1,0,0,0,0,30,3,2,5.438209,3,2,2
820.58,60,1959,0,1,0,1,0,0,7,3,2,13.676333,2,2,2
687.6,74,1933,0,1,0,1,0,0,17,2,2,9.291892,3,2,2
543.91,62,1957,0,1,0,1,0,0,27,3,2,8.772742,2,2,2
985,60,1973,0,1,0,1,0,1,2,4,2,16.416667,2,2,2
771.07,56,1980,0,1,0,1,0,0,3,5,2,13.769107,2,2,2
870.24,56,1980,0,1,0,1,0,0,3,5,2,15.54,2,2,2
960,58,1957,0,1,0,0,0,0,1,3,2,16.551724,2,2,2
990,52,1966,0,1,0,0,0,0,0,4,2,19.038462,2,2,2
355,49,1980,0,1,0,1,0,0,1,5,1,7.244898,2,1,1
980,77,1980,0,1,0,1,0,0,5,5,2,12.727273,4,1,1
573,67,1980,0,1,0,1,0,0,6,5,2,8.552239,3,1,1
599.82,67,1980,0,1,0,1,0,0,5,5,2,8.952537,3,1,1
485.89,78,1980,0,1,0,1,0,0,6,5,2,6.229359,3,1,1
505,65,1980,0,1,0,1,1,0,1,5,2,7.769231,3,1,1
130.7,49,1957,0,1,0,1,1,0,2,3,1,2.667347,2,2,1
778,75,1985,0,1,0,1,0,0,3,6,2,10.373333,3,1,1
1241,110,1971,0,1,0,1,0,0,2,4,3,11.281818,5,2,1
353.59,35,1985,0,1,0,1,0,0,3,6,1,10.102571,2,1,1
240,68,1957,0,1,0,1,1,0,3,3,2,3.529412,3,2,1
240,65,1957,0,1,0,1,1,0,1,3,2,3.692308,3,2,1
635.84,84,1980,0,1,0,1,0,0,2,5,3,7.569524,4,1,1
642.27,83,1980,0,1,0,1,0,0,2,5,3,7.738193,4,1,1
660.56,83,1980,0,1,0,1,0,0,2,5,3,7.958554,4,1,1
1574.12,98,1933,0,1,0,1,0,0,6,2,3,16.062449,4,2,2
1187.23,65,1980,0,1,0,1,0,0,4,5,2,18.265077,3,2,2
387.9,67,1971,0,1,0,1,0,0,10,4,2,5.789552,3,2,2
1125.55,83,1971,0,1,0,1,0,0,7,4,3,13.560843,3,2,2
518.42,85,1971,0,1,0,1,0,0,4,4,3,6.099059,3,2,2
417.8,26,1961,0,1,0,0,0,0,1,3,1,16.069231,1,2,2
464.3,60,1893,0,0,0,0,0,0,9,1,2,7.738333,2,2,2
1401.35,55,1971,0,1,0,0,0,0,1,4,2,25.479091,2,2,2
607.48,50,1880,0,1,0,0,0,0,4,1,1,12.1496,1,2,2
541.65,63,1957,0,0,0,0,0,0,34,3,2,8.597619,2,2,2
372.42,59,1957,0,0,0,0,0,0,34,3,2,6.312203,3,2,2
556.88,87,1964,0,1,0,0,0,0,7,3,3,6.40092,4,2,2
713.7,87,1957,0,1,0,0,0,0,29,3,3,8.203448,4,2,2
473.99,73,1971,0,1,0,0,0,0,25,4,2,6.493014,3,2,2
933.58,72,1971,0,1,0,0,0,0,2,4,2,12.966389,3,2,2
308.76,57,1957,0,0,0,0,0,0,36,3,2,5.416842,2,2,2
698,60,1957,0,0,0,0,0,0,20,3,2,11.633333,2,2,2
371.5,59,1957,0,0,0,0,0,0,36,3,2,6.29661,2,2,2
581.4,60,1893,0,0,0,0,0,0,54,1,2,9.69,2,2,2
332.56,34,1893,0,0,0,0,0,0,6,1,1,9.781176,2,2,2
614.3,70,1893,0,0,0,0,1,0,21,1,2,8.775714,2,2,2
1291.32,120,1957,0,1,0,0,0,0,5,3,3,10.761,2,2,3
494.2,30,1971,0,1,0,0,0,0,10,4,1,16.473333,1,2,3
745.72,44,1933,0,1,0,1,0,0,2,2,1,16.948182,1,2,3
989.24,73,1957,0,1,0,0,0,0,19,3,2,13.551233,3,2,2
1298.97,90,1980,0,1,0,1,0,1,2,5,3,14.433,2,2,2
1436,98,1980,0,1,0,1,0,1,1,5,3,14.653061,3,2,2
1294.3,54,1991,0,1,0,1,0,1,1,6,2,23.968519,2,2,2
512.06,53,1933,0,0,0,0,1,0,1,2,2,9.661509,2,2,2
482.47,52,1957,0,0,0,0,0,0,3,3,2,9.278269,2,2,2
567.59,94,1893,0,1,0,1,0,0,1,1,3,6.038191,4,2,2
585.78,32,1971,0,0,0,1,0,0,2,4,1,18.305625,1,2,2
426,35,1957,0,1,0,1,0,0,3,3,1,12.171429,1,2,2
660.32,65,1957,0,0,0,0,0,0,4,3,2,10.158769,3,2,2
870.22,59,1933,0,1,0,0,0,0,1,2,2,14.749492,2,2,2
413.31,29,1971,0,1,0,0,0,0,4,4,1,14.252069,1,2,2
589.36,66,1957,0,1,0,1,0,0,29,3,2,8.929697,3,2,2
733.14,87,1957,0,1,0,1,0,0,21,3,3,8.426897,4,2,2
246.82,29,1933,0,0,0,0,0,0,0,2,1,8.511034,1,2,2
440,46,1971,0,1,0,1,0,0,26,4,1,9.565217,2,2,2
420,26,1960,0,1,0,0,0,0,2,3,1,16.153846,1,2,2
882.02,62,1933,0,1,0,1,0,0,7,2,2,14.226129,3,2,2
842.76,56,1933,0,1,0,1,0,0,6,2,2,15.049286,2,2,2
776.4,52,1933,0,1,0,1,0,0,11,2,2,14.930769,2,2,2
707.07,45,1957,0,1,0,1,0,1,1,3,1,15.712667,2,2,2
1166.43,64,1957,0,1,0,0,0,0,27,3,2,18.225469,3,2,2
705.14,31,1965,0,1,0,0,0,0,28,3,1,22.746452,1,2,2
665.87,52,1965,0,1,0,0,0,0,1,3,2,12.805192,2,2,2
481.44,64,1933,0,1,0,1,0,0,42,2,2,7.5225,3,2,2
272.99,35,1933,1,0,0,0,0,0,10,2,1,7.799714,2,2,2
1350,79,1933,0,1,0,1,0,0,0,2,2,17.088608,3,2,3
1435.9,85,1957,0,1,0,1,0,0,1,3,3,16.892941,3,2,3
393.27,24,1933,0,1,0,0,0,0,3,2,1,16.38625,1,2,3
1030.46,38,1893,0,1,0,1,0,0,2,1,1,27.117368,2,2,3
634.18,32,1893,0,1,0,1,0,0,0,1,1,19.818125,1,2,3
932.62,89,1957,0,1,0,1,0,0,21,3,3,10.478876,3,2,3
1666.91,98,1893,0,1,0,1,0,0,1,1,3,17.009286,2,2,3
1302.01,90,1933,0,1,0,1,0,0,1,2,3,14.466778,3,2,3
1151.48,118,1933,0,0,0,0,0,0,10,2,3,9.758305,4,2,3
828.23,72,1933,0,1,0,0,0,0,32,2,2,11.503194,2,2,3
779.7,79,1957,0,1,0,1,0,0,30,3,2,9.86962,3,2,3
1095.78,87,1933,0,0,0,1,0,0,22,2,3,12.595172,4,2,3
836.83,67,1933,0,0,0,0,0,0,22,2,2,12.49,2,2,3
214.12,42,1933,1,0,0,0,0,0,30,2,1,5.098095,1,2,3
712.03,40,1933,0,1,0,1,0,0,8,2,1,17.80075,1,2,3
1389.03,79,1933,0,1,0,1,0,0,4,2,2,17.582658,3,2,3
1306.36,79,1933,0,1,0,1,0,0,7,2,2,16.536203,3,2,3
1920,145,1957,0,1,0,1,0,0,31,3,3,13.241379,5,2,3
1380.64,165,1933,0,1,0,1,0,0,6,2,3,8.367515,5,2,3
536.97,67,1893,0,1,0,0,0,0,16,1,2,8.014478,4,2,2
127.06,44,1957,0,0,0,0,1,0,3,3,1,2.887727,2,2,1
206.22,45,1957,0,0,0,0,1,0,2,3,1,4.582667,2,2,1
204.4,44,1957,0,0,0,0,1,0,1,3,1,4.645455,2,2,1
980,86,1989,0,1,0,1,0,0,3,6,3,11.395349,4,2,2
980,86,1989,0,1,0,1,0,0,3,6,3,11.395349,4,2,2
143.4,60,1933,1,0,1,0,0,0,14,2,2,2.39,2,2,2
507.45,75,1957,0,0,0,0,0,0,12,3,2,6.766,3,2,2
843.79,75,1957,0,0,0,0,0,0,9,3,2,11.250533,3,2,2
948.25,76,1933,0,0,0,0,0,0,15,2,2,12.476974,3,2,2
453,24,1971,0,1,0,1,0,0,15,4,1,18.875,1,2,2
560,26,1971,0,1,0,1,0,0,5,4,1,21.538462,1,2,2
1710,85,1989,0,1,0,1,0,0,4,6,3,20.117647,3,2,3
640,35,1971,0,1,0,1,0,1,1,4,1,18.285714,1,2,3
636.44,71,1980,0,1,0,1,0,1,12,5,2,8.963944,2,2,3
751.33,40,1957,0,1,0,1,0,0,0,3,1,18.78325,1,2,3
1346.91,53,1933,0,1,0,1,0,1,0,2,2,25.413396,2,2,2
1390,90,1958,0,0,0,1,0,0,4,3,3,15.444444,3,2,2
1350,111,1933,0,1,0,0,0,0,15,2,3,12.162162,5,2,2
1225,111,1933,0,1,0,0,0,0,4,2,3,11.036036,5,2,2
1162,111,1933,0,1,0,0,0,0,18,2,3,10.468468,5,2,2
456.03,86,1893,0,1,0,0,0,0,10,1,3,5.302674,3,2,2
603.89,32,1971,0,1,0,0,0,0,1,4,1,18.871562,1,2,2
766.58,86,1971,0,1,0,1,0,1,21,4,3,8.913721,3,2,2
1130,45,1933,1,1,0,0,0,0,2,2,1,25.111111,2,2,2
726,38,1912,0,0,0,0,0,0,1,1,1,19.105263,2,2,2
1080.72,72,1968,0,1,0,1,0,0,3,4,2,15.01,3,2,2
336.04,50,1893,1,0,0,0,0,0,1,1,1,6.7208,2,2,2
266.66,46,1893,0,0,0,1,0,0,4,1,1,5.796957,2,2,2
521.07,76,1919,0,1,0,0,0,0,17,2,2,6.856184,3,2,2
701.32,76,1919,0,1,0,0,0,0,3,2,2,9.227895,3,2,2
1220,99,1933,0,1,0,1,0,0,7,2,3,12.323232,4,3,3
1216.25,109,1971,0,1,0,1,0,0,8,4,3,11.158257,5,3,3
1257.16,81,1971,0,1,0,1,0,0,13,4,3,15.520494,3,3,3
1260,63,1991,0,1,0,1,0,0,1,6,2,20,2,3,3
1649,84,1991,0,1,0,1,0,0,1,6,3,19.630952,3,3,3
1650,83,1991,0,1,0,1,0,0,1,6,3,19.879518,3,3,3
779.4,86,1933,0,1,0,1,0,0,9,2,3,9.062791,4,3,3
1307.58,76,1933,0,1,0,1,0,0,1,2,2,17.205,4,3,3
1880,80,1933,0,1,0,1,0,0,1,2,2,23.5,3,3,3
701.55,85,1933,0,1,0,1,0,0,40,2,3,8.253529,4,3,3
539.78,26,1959,0,1,0,1,0,0,2,3,1,20.760769,1,2,2
700,32,1971,0,1,0,1,0,0,1,4,1,21.875,1,2,2
966.58,55,1971,0,1,0,1,0,0,0,4,2,17.574182,2,2,2
360,65,1893,1,0,1,0,0,0,1,1,2,5.538462,3,2,2
569.69,78,1893,1,0,1,0,0,0,3,1,2,7.303718,3,2,2
457.05,63,1957,0,1,0,1,0,0,2,3,2,7.254762,3,2,2
900,45,1971,0,1,0,1,0,0,3,4,1,20,2,2,2
700,72,1893,0,1,0,1,0,0,1,1,2,9.722222,3,2,2
1007.04,72,1961,0,1,0,1,0,0,7,3,2,13.986667,3,2,2
745.13,59,1980,0,1,0,1,0,1,0,5,2,12.629322,2,2,2
990.12,74,1893,0,0,0,1,0,0,3,1,2,13.38,3,2,2
870,77,1960,0,1,0,0,0,0,6,3,2,11.298701,3,2,2
803.97,60,1957,0,1,0,1,0,0,10,3,2,13.3995,2,2,2
714.05,102,1883,0,1,0,0,0,0,3,1,3,7.00049,4,2,2
591.89,138,1893,0,0,0,0,0,0,6,1,3,4.289058,5,2,2
758.61,110,1893,0,0,0,0,0,0,31,1,3,6.896455,4,2,2
781,46,1973,0,1,0,0,0,1,2,4,1,16.978261,2,2,2
800,39,1973,0,1,0,0,0,1,1,4,1,20.512821,1,2,2
808.25,115,1876,0,1,0,0,0,0,19,1,3,7.028261,3,2,2
526.2,58,1919,0,1,0,0,0,0,4,2,2,9.072414,1,2,2
695.73,63,1957,0,1,0,0,1,0,30,3,2,11.043333,4,2,2
663.28,66,1900,0,1,0,0,1,0,33,1,2,10.049697,4,2,2
1625,90,1984,0,1,0,0,0,1,5,6,3,18.055556,3,2,2
1200,110,1893,0,1,0,0,0,0,2,1,3,10.909091,4,2,2
1367.63,73,1933,0,0,1,0,0,0,3,2,2,18.734658,3,2,2
1846.44,94,1893,0,0,0,1,0,1,0,1,3,19.642979,3,2,2
1332,72,1980,0,1,0,1,0,0,12,5,2,18.5,3,2,2
920,62,1980,0,1,0,1,0,0,3,5,2,14.83871,2,2,2
910,64,1980,0,1,0,1,0,0,2,5,2,14.21875,2,2,2
1022,84,1980,0,1,0,1,0,0,5,5,3,12.166667,2,2,2
372.88,54,1893,1,0,1,0,0,0,45,1,2,6.905185,2,2,2
589.8,38,1933,0,1,0,1,0,0,23,2,1,15.521053,2,2,2
1139.62,49,1984,0,1,0,1,0,0,1,6,1,23.257551,2,2,2
1304.57,68,1971,0,1,0,1,0,0,0,4,2,19.184853,2,2,3
928.11,70,1959,0,1,0,1,0,0,3,3,2,13.258714,2,2,1
683.45,75,1893,0,1,0,1,0,0,0,1,2,9.112667,2,2,2
1381.45,75,1893,0,1,0,1,0,0,2,1,2,18.419333,3,2,2
1373.45,75,1893,0,1,0,1,0,0,1,1,2,18.312667,3,2,2
1273.79,75,1893,0,1,0,1,0,0,6,1,2,16.983867,3,2,2
637,60,1893,0,1,0,1,0,0,55,1,2,10.616667,3,2,2
468,46,1893,0,1,0,1,0,0,0,1,1,10.173913,2,2,2
1700.56,85,1893,0,1,0,1,0,0,1,1,3,20.006588,3,2,2
820,92,1893,0,1,0,1,0,0,20,1,3,8.913043,3,2,2
770,74,1893,0,1,0,0,0,0,5,1,2,10.405405,3,2,2
811,105,1893,0,1,0,1,0,0,11,1,3,7.72381,4,2,2
1324,70,1961,0,1,0,1,0,0,1,3,2,18.914286,3,2,2
650,51,1933,0,1,0,1,0,0,32,2,2,12.745098,2,2,2
1141.33,75,1893,0,1,0,0,0,0,0,1,2,15.217733,3,2,2
1000,42,1973,0,1,0,1,0,0,0,4,1,23.809524,2,2,2
1120,90,1933,0,1,0,0,0,0,18,2,3,12.444444,3,2,2
1421.19,90,1933,0,1,0,0,0,0,4,2,3,15.791,3,2,2
1744.2,85,1933,0,1,0,1,0,0,2,2,3,20.52,3,2,2
591.54,86,1954,0,1,0,0,1,0,7,3,3,6.878372,3,2,2
879.78,98,1954,0,1,0,0,0,0,3,3,3,8.977347,4,2,2
2223.32,103,1991,0,1,0,1,0,0,2,6,3,21.585631,3,2,2
1073.44,53,1933,0,1,0,1,0,0,3,2,2,20.253585,2,2,1
1171.08,63,1899,0,1,0,1,0,0,3,1,2,18.588571,2,2,1
563.89,90,1893,0,1,0,0,0,0,24,1,3,6.265444,3,2,1
348.77,38,1980,0,0,0,1,0,1,1,5,1,9.178158,2,2,2
475.49,42,1980,0,0,0,1,0,0,9,5,1,11.32119,2,2,2
1162.33,70,1971,0,1,0,1,0,1,3,4,2,16.604714,3,2,2
1529.34,94,1980,0,1,0,1,0,0,3,5,3,16.269574,3,2,2
670,37,1971,0,1,0,1,0,0,4,4,1,18.108108,1,2,2
725.76,70,1937,0,1,0,1,0,0,17,2,2,10.368,3,2,3
1121.71,92,1895,0,1,0,0,0,0,42,1,3,12.1925,4,2,3
843.17,76,1893,0,1,0,0,0,0,47,1,2,11.094342,3,2,3
456.34,58,1941,0,1,0,1,0,0,4,2,2,7.867931,2,2,1
796.63,40,1971,0,1,0,0,0,0,5,4,1,19.91575,1,2,3
1000.38,70,1971,0,1,0,0,0,0,18,4,2,14.291143,3,2,3
1074.18,65,1971,0,1,0,1,0,0,15,4,2,16.525846,3,2,3
937.6,68,1971,0,1,0,0,0,0,17,4,2,13.788235,3,2,3
603.5,42,1971,0,1,0,0,0,0,10,4,1,14.369048,1,2,3
800.62,51,1957,0,1,0,0,0,0,5,3,2,15.698431,1,2,3
561.75,40,1957,0,1,0,0,0,0,3,3,1,14.04375,2,2,3
2445.22,100,1985,0,1,0,1,0,1,2,6,3,24.4522,4,3,2
980.71,72,1957,0,1,0,1,0,0,5,3,2,13.620972,2,2,3
583.75,57,1971,0,1,0,0,0,0,8,4,2,10.241228,2,2,2
783.6,80,1971,0,1,0,1,0,0,21,4,2,9.795,3,2,3
1294.58,120,1957,0,1,0,1,0,0,13,3,3,10.788167,4,2,2
652.76,48,1957,0,1,0,1,0,0,7,3,1,13.599167,2,2,2
667.25,88,1933,0,0,0,0,0,0,43,2,3,7.582386,3,2,2
1021.58,50,1983,0,1,0,1,0,0,0,5,1,20.4316,2,2,2
970.58,55,1893,0,1,0,1,0,0,64,1,2,17.646909,2,2,3
671.07,37,1900,0,1,0,0,0,0,56,1,1,18.137027,1,2,3
1129.88,60,1900,0,1,0,0,0,0,32,1,2,18.831333,2,2,3
898.35,55,1893,0,1,0,1,0,0,8,1,2,16.333636,2,2,3
637,65,1957,0,1,0,1,0,0,4,3,2,9.8,3,1,1
1282.27,91,1974,0,1,0,1,0,0,3,4,3,14.090879,3,1,1
810.49,75,1957,0,1,0,1,0,0,9,3,2,10.806533,3,2,3
814.65,75,1957,0,1,0,1,0,0,34,3,2,10.862,3,2,3
364.78,49,1964,0,1,0,1,0,0,17,3,1,7.44449,2,2,2
394.49,67,1957,0,1,0,1,0,0,28,3,2,5.88791,3,2,2
704.34,86,1985,0,1,0,0,0,0,3,6,3,8.19,3,2,2
941.65,52,1971,0,1,0,1,0,0,0,4,2,18.108654,2,2,2
950.86,86,1971,0,1,0,1,0,0,2,4,3,11.056512,3,2,2
787.36,79,1957,0,1,0,1,1,0,11,3,2,9.966582,4,2,2
776.88,82,1957,0,1,0,1,1,0,7,3,3,9.474146,4,2,2
900,80,1957,0,1,0,1,1,0,17,3,2,11.25,4,2,2
897.73,70,1971,0,1,0,0,0,0,4,4,2,12.824714,2,2,2
1033.16,76,1957,0,1,0,1,0,1,12,3,2,13.594211,4,2,2
580,58,1971,0,1,0,1,0,0,1,4,2,10,2,2,2
930,96,1971,0,1,0,1,0,0,19,4,3,9.6875,4,2,2
1467.26,65,1980,0,1,0,1,0,0,5,5,2,22.573231,3,2,3
572.11,45,1956,0,1,0,1,0,0,1,3,1,12.713556,2,2,3
659.65,45,1956,0,1,0,1,0,0,1,3,1,14.658889,2,2,3
654.94,40,1957,0,1,0,1,0,0,2,3,1,16.3735,2,2,2
667.78,90,1971,0,1,0,1,0,0,2,4,3,7.419778,4,2,2
454.81,55,1957,1,0,0,0,0,0,23,3,2,8.269273,2,2,2
1209.1,70,1957,0,1,0,1,0,0,1,3,2,17.272857,2,2,2
524.81,58,1969,0,1,0,1,0,0,18,4,2,9.048448,2,2,2
1281.17,76,1971,0,1,0,1,0,0,10,4,2,16.8575,3,3,3
848.65,65,1971,0,1,0,0,0,0,25,4,2,13.056154,2,2,2
2130.22,109,1957,0,1,0,1,0,0,1,3,3,19.543303,5,3,3
708.15,65,1893,0,0,1,0,0,0,2,1,2,10.894615,3,2,1
1502.24,95,1989,0,1,0,1,0,0,4,6,3,15.813053,3,2,2
697.1,65,1989,0,1,0,1,0,0,4,6,2,10.724615,2,2,2
1160.34,96,1971,0,1,0,1,0,0,6,4,3,12.086875,3,2,3
2021.16,95,1969,0,1,0,0,0,0,1,4,3,21.275368,3,2,3
452.52,92,1957,0,1,0,0,0,0,6,3,3,4.918696,3,2,3
1281.4,60,1973,0,1,0,1,0,0,0,4,2,21.356667,3,2,3
644.86,52,1974,0,1,0,1,0,0,0,4,2,12.401154,2,2,3
779.58,23,1974,0,1,0,1,0,1,4,4,1,33.894783,1,2,3
662.76,30,1964,0,1,0,0,0,0,1,3,1,22.092,1,2,3
709.96,50,1969,0,1,0,1,0,0,1,4,1,14.1992,1,2,3
476.56,60,1939,0,1,0,0,0,0,1,2,2,7.942667,2,2,3
